{"cameraMode":{"drawMode":0,"name":"Shaded","section":"Shading Mode"},"sceneLighting":true,"audioPlay":false,"sceneViewState":{"m_AlwaysRefresh":false,"showFog":true,"showSkybox":true,"showFlares":true,"showImageEffects":true,"showParticleSystems":true,"showVisualEffectGraphs":true,"m_FxEnabled":true},"in2DMode":false,"pivot":{"x":-0.6673522591590881,"y":0.2585362195968628,"z":-0.6611655950546265},"rotation":{"x":-0.06820648908615112,"y":0.9318934679031372,"z":-0.24770131707191468,"w":-0.2564118802547455},"size":1.051298975944519,"orthographic":false}